Từ,Phát âm,Loại từ,Ý nghĩa,Ví dụ,Ghi chú
ablaze,/əˈbleɪz/,Adjective,bùng cháy,Trees were ablaze and flames were within 10 feet of the house.,
aboriginal,/ˌæbəˈrɪdʒɪnəl/,Adjective,bản địa,The Arunta are an aboriginal tribe from central Australia.,
absurd,/əbˈsɜːd/,Adjective,"kì lạ, quái dị",The charges against him are obviously absurd.,
absurdity ,/əbˈsɜːdɪti/,Noun,sự điên rồ,News of the wrist fracture added to the sense of absurdity surrounding the pitcher's health.,
abyss,/əˈbɪs/,Noun,vực sâu,She peered down into the dark abyss.,
accolade,/ˈækəleɪd/,Noun,thành tựu,"After years of hard work, he received the accolade for his outstanding performance in the field.",
accumulate,/əˈkjuːmjəleɪt/,Verb,tích tụ,Dust and dirt soon accumulate if a house is not cleaned regularly.,
accusation,/ˌækjəˈzeɪʃn/,Noun,tố cáo,He denied the accusation that he had stolen the money.,
acquaintance,/əˈkweɪntəns/,Noun,"đồng nghiệp, người quen",He is a casual acquaintance from my time at university.,
acute,/əˈkjuːt/,Adjective,nghiêm trọng,The patient was experiencing acute pain in his lower back.,
adjunct,/ˈædʒʌŋkt/,Adjective,phụ trợ,The theater also has an adjunct gallery for smaller exhibitions.,
adorned,/əˈdɔːnd/,Adjective,được mến mộ,"She was an adorned leader, respected by everyone in the community.",
adversely ,/ˈædvɜːsli/,Adverb,"ngược lại, ảnh hưởng tiêu cực",Excessive rainfall can adversely affect maize production by causing waterlogged soil and nutrient leaching.,
aficionado,/əˌfɪʃ.i.əˈnɑː.dəʊ/,Noun,tín đồ,He is a classic car aficionado who spends every weekend at the garage.,
aggregate,/ˈæɡrɪɡeɪt/,Verb,tích tụ,The scores were aggregated to give the final result.,
agitated,/ˈædʒɪteɪtɪd/,Adjective,kích động,She became very agitated when she heard the news.,
agitation,/ˌædʒ.ɪˈteɪ.ʃən/,Noun,sự kích động,The patient showed signs of extreme agitation and began pacing the room.,
ailment,/ˈeɪlmənt/,Noun,"bệnh, ốm",He suffered from a chronic back ailment for many years.,
alarmist word,/əˈlɑːmɪst wɜːd/,Noun,lời cảnh tình,The news report was criticized for using alarmist words to scare the public.,
albeit ,/ɔːlˈbiːɪt/,Adjective,mặc dù,"He finally agreed to come, albeit reluctantly.",
allegation,/ˌælɪˈɡeɪʃn/,Noun,lời tố cáo,The investigation into the allegation of corruption is still ongoing.,
alluring,/əˈljʊərɪŋ/,Adjective,hấp dẫn,The market offers an alluring variety of fresh fruits.,
amiable,/ˈeɪmiəbl/,Adjective,thân thiện,She is a very amiable person.,
amusement,/əˈmjuːzmənt/,Noun,sự giải trí,She read the book for her own amusement.,
anatomical,/ˌænəˈtɒmɪkl/,Adjective,về giải phẫu,The students studied the anatomical structure of the human heart in biology class.,
anguish,/ˈæŋɡwɪʃ/,Noun,sự đau đớn,He experienced great anguish after losing his home in the fire.,
animous,/ˈænɪməs/,Adjective,"ghét bỏ, cay nghiệt",I've had my moments of animous toward family members with shady behaviors.,
annexation,/ˌænekˈseɪʃn/,Noun,sự sáp nhập,The annexation of Texas by the United States occurred in 1845.,
anti-inflammatory,/ˌæntiɪnˈflæmətəri/,Adjective,chống viêm,The doctor prescribed an anti-inflammatory cream to reduce the swelling in his ankle.,
anus,/ˈeɪnəs/,Noun,hậu môn,The doctor will examine the outside of the anus for any abnormalities.,
apartheid,/əˈpɑːt.heɪt/,Noun,phân biệt chủng tộc,The country finally ended the system of apartheid in the early 1990s.,
apathetic,/ˌæpəˈθetɪk/,Adjective,"vô cảm, không quan tâm",The young man was apathetic about the future of the company.,
apparel ,/əˈpær.əl/,Noun,quần áo,The company specializes in the design and manufacture of high-quality sports apparel.,
appraisals,/əˈpreɪzlz/,Noun,đánh giá,The company carries out regular performance appraisals of all staff.,
appraise,/əˈpreɪz/,Verb,"đánh giá, thẩm định hoặc định giá",An expert was called in to appraise the value of the diamond ring.,
appropriation,/əˌprəʊ.priˈeɪ.ʃən/,Noun,sự chiếm đoạt,The court found him guilty of the illegal appropriation of company funds.,
archaeologist,/ˌɑːkiˈɒlədʒɪst/,Noun,nhà khảo cổ học,The archaeologist carefully brushed the dirt away from the ancient pottery.,
arithmetic,/əˈrɪθmətɪk/,Noun,số học,The students were assigned several difficult problems in arithmetic.,
arousal,/əˈraʊzl/,Adjective,sự kích thích,The drug can cause high levels of physical arousal.,
arson,/ˈɑːsn/,Noun,phóng hỏa,The man was arrested on suspicion of arson after he allegedly set a fire inside his apartment.,
assault,/əˈsɔːlt/,Verb,tấn công,The robbers planned to assault the bank at midnight.,
assemble,/əˈsem.bəl/,Verb,lắp ráp,We'll need to assemble the new bookshelf before we can put the books on it.,
assimilate,/əˈsɪm.ɪ.leɪt/,Verb,tiếp thu,The baby was able to assimilate new information quickly.,
astonishing,/əˈstɒnɪʃɪŋ/,Adjective,đáng kinh ngạc,Her performance was truly astonishing to everyone in the audience.,
asymmetric,/ˌeɪsɪˈmetrɪk/,Adjective,"khoông đối xứng, bất đối xứng (trong thời trang, công nghệ, nhiếp ảnh)",The designer showcased a stunning dress with an asymmetric neckline.,
atom,/ˈæt.əm/,Noun,nguyên tử,An atom is the smallest unit of a chemical element.,
attenuate,/əˈten.ju.eɪt/,Verb,"làm giảm, ức chế",The drug is used to attenuate the effects of the virus.,
attitudinal,/ˌætɪˈtjuːdɪnəl/,Adjective,thuộc về thái độ,The study found that attitudinal factors play a significant role in student success.,
attuned,/əˈtjuːnd/,Adjective,nhận thức rõ,An attuned parent will respond to their child's needs with sensitivity and empathy.,
autism,/ˈɔːtɪzəm/,Noun,chứng tự kỷ,Children with autism spectrum disorder require specialized care.,
aviation ,/ˌeɪviˈeɪʃn/,Noun,hàng không,She has always been interested in a career in aviation.,
backlash,/ˈbæk.læʃ/,Noun,phản ứng tiêu cực,The government's decision to increase taxes faced a massive public backlash.,
banal,/bəˈnɑːl/,Adjective,tẻ nhạt,He made some banal remarks about the weather.,
basement ,/ˈbeɪsmənt/,Noun,tầng hầm,We store our old suitcases in the basement.,
beak,/biːk/,Noun,mỏ,The bird carried a small twig in its beak.,
bewildering,/bɪˈwɪldərɪŋ/,Adjective,gây hoang mang,The city was a bewildering maze of narrow streets and alleys.,
bizarre,/bɪˈzɑː(r)/,Adjective,kì lạ,He made a bizarre remark that left everyone in the room feeling confused.,
blatantly,/ˈbleɪtəntli/,Adverb,rõ ràng,He blatantly ignored the safety warnings.,
blockbuster,/ˈblɒkbʌstə(r)/,Noun,bom tấn,The latest Marvel movie is expected to be a summer blockbuster.,
blood vessel,/ˈblʌd ˌvesl/,Noun,mạch máu,The doctor repaired a damaged blood vessel during the operation.,
boasting about,/ˈbəʊstɪŋ əˈbaʊt/,Verb,khoe khoang,He was boasting about his new car to all his friends.,
bombardment,/bɒmˈbɑːdmənt/,Noun,tấn công liên tục,The city survived a relentless bombardment of artillery fire for several days.,
bottle up,/ˈbɒtəl ʌp/,Verb,"đóng lại, giấu kín",It is not healthy to bottle up your feelings.,
bouncing,/ˈbaʊnsɪŋ/,Adjective,vui vẻ,The happy children were bouncing around the room with excitement.,
bowing ,/ˈbaʊɪŋ/,Verb,cúi,The performer stood at the front of the stage bowing to the audience.,
box office bomb,/ˌbɒks ˈɒfɪs bɒm/,"Phrase, Noun",thảm họa phòng chiếu,"Despite its huge budget and star-studded cast, the movie turned out to be a massive box office bomb.",
breach,/briːtʃ/,"Noun, Verb","lộ, rò rỉ",The company faced a massive data breach that exposed sensitive customer information.,
breeding ,/ˈbriːdɪŋ/,Noun,chăn nuôi,The farmer is involved in the breeding of cattle.,
brutality,/bruːˈtæl.ə.ti/,Noun,"sự tàn bạo, tính hung ác, hoặc hành động bạo lực dã man",The world was shocked by the brutality of the conflict.,
bureaucracy,/bjʊəˈrɒkrəsi/,Noun,chế độ quan liêu,The company's growth was slowed by excessive bureaucracy.,
burgeoning,/ˈbɜːdʒənɪŋ/,Adjective,bùng phát,The company is struggling to keep up with the burgeoning demand for its new product.,
bust,/bʌst/,Noun,tượng thân trên,The museum displays a marble bust of the Roman emperor Augustus.,
buzzing,/ˈbʌzɪŋ/,Noun,"tiếng rè, rung",The constant buzzing of the flies was very annoying.,
calibrate,/ˈkæl.ɪ.breɪt/,Verb,căn chỉnh,The mechanic will calibrate the scales to ensure the measurements are accurate.,
candid,/ˈkændɪd/,Adjective,thành thật,She gave us her candid opinion on the matter.,
capsule,/ˈkæpsjuːl/,Noun,viên,The doctor told her to take one capsule every morning with water.,
cargo ,/ˈkɑːɡəʊ/,Noun,hàng hóa,The ship was carrying a large cargo of grain.,
cascade,/kæˈskeɪd/,Noun,sự đổ vỡ,The collapse of the company led to a cascade of financial problems for its investors.,
cash-conscious,/ˈkæʃˌkɒnʃəs/,Adjective,"để ý về tiền, hay lo về tiền",Cash-conscious shoppers usually compare prices before buying anything.,
catastrophe,/kəˈtæs.trə.fi/,Noun,thảm họa,The sudden flood was a major catastrophe for the small village.,
cautious,/ˈkɔːʃəs/,Adjective,cẩn trọng,He is a very cautious driver.,
cede,/siːd/,Verb,từ bỏ,The country was forced to cede the territory after losing the war.,
chagrin,/ˈʃæɡ.rɪn/,Verb,"xấu hổ, thắt vọng",The rejection of his proposal chagrined him deeply.,
choke off,/ˌtʃəʊk ˈɒf/,Verb,"cắt đứt, làm nghẽn",High interest rates can choke off economic growth.,
chromosomes,/ˈkrəʊməsəʊmz/,Noun,nhiễm sắc thể,Humans typically have 23 pairs of chromosomes in each cell.,
chronic ,/ˈkrɒnɪk/,Adjective,"kinh niên, mãn tính",The patient suffers from chronic back pain that requires daily medication.,
clamour,/ˈklæm.ə(r)/,Verb,la hét,The hungry crowds began to clamour for food.,
cloning,/ˈkləʊnɪŋ/,Noun,nhân bản vô tính,Dolly the sheep was the first mammal created through cloning.,
coalition,/ˌkəʊəˈlɪʃn/,Noun,liên minh,The two parties formed a coalition to govern the country.,
codes of conduct,/ˌkəʊdz əv ˈkɒndʌkt/,Noun,quy tắc,The company requires all employees to sign and follow the codes of conduct.,
cognition,/kɒɡˈnɪʃn/,Noun,nhận thức,The student's research focuses on the development of cognition in early childhood.,
coincide,/ˌkəʊ.ɪnˈsaɪd/,Verb,trùng hợp,It's lucky that our schedules coincide so we can travel together.,
coincidence,/kəʊˈɪnsɪdəns/,Noun,sự trùng hợp,The most common reason for couples to dress alike is simply a coincidence.,
collision,/kəˈlɪʒn/,Noun,sự va đập,The two cars were badly damaged in the collision.,
comet,/ˈkɒmɪt/,Noun,thiên thạch,The bright comet was visible in the night sky for several weeks.,
commodity,/kəˈmɒdəti/,Noun,tài nguyên,Water is a precious commodity in many parts of the world.,
compactness,/kəmˈpæktnəs/,Noun,nhỏ gọn,The compactness of the new camera makes it easy to carry in a pocket.,
compensated,/ˈkɒmpənseɪtɪd/,Verb,được đền bù,The victims were fully compensated for their losses.,
competent,/ˈkɒmpɪtənt/,Adjective,có năng lực,She is a highly competent teacher who is loved by all her students.,
compilation,/ˌkɒmpɪˈleɪʃn/,Noun,tổng hợp,The band released a new compilation of their greatest hits this year.,
concession,/kənˈseʃn/,Noun,sự nhượng bộ,The company made a major concession to the union to avoid a strike.,
concrete measures,/ˈkɒŋkriːt ˈmeʒəz/,Noun,biện pháp triệt để,The government must take concrete measures to reduce air pollution in the city.,
condemned,/kənˈdemd/,Verb,"bài trừ, phê phán",The government issued a statement that strongly condemned the recent acts of violence.,
condiment,/ˈkɒndɪmənt/,Noun,gia vị,Salt is a common condiment used to enhance the flavor of food.,
confinement ,/kənˈfaɪnmənt/,Noun,giam cầm,The prisoner was released after many years of solitary confinement.,
connotation,/ˌkɒnəˈteɪʃn/,Noun,"ẩn ý, ý niệm",The word home has a positive connotation of warmth and belonging.,
conspicuous,/kənˈspɪk.ju.əs/,Adjective,"nổi bật, rõ ràng",The bird had a conspicuous red head that made it easy to spot.,
constipation,/ˌkɒnstɪˈpeɪʃn/,Noun,táo bón,Drinking more water can help prevent constipation.,
consumerism,/kənˈsjuː.mə.rɪ.zəm/,Noun,chủ nghĩa tiêu dùng,The growth of consumerism has led to a significant increase in household waste.,
contemplation,/ˌkɒn.təmˈpleɪ.ʃən/,Noun,suy tư,He spent many hours in quiet contemplation of the natural world.,
correspondence,/ˌkɒr.ɪˈspɒn.dəns/,Noun,"thư từ, sự liên kết giữa 2 thứ",The editor has a vast amount of correspondence to deal with.,
counteract,/ˌkaʊntərˈækt/,Verb,phản tác,You can drink ginger tea to counteract the symptoms of nausea.,
coverage,/ˈkʌvərɪdʒ/,Noun,"sự bao phủ, phạm vi, độ phủ",The news program provides live coverage of the sporting event.,
creep up,/ˌkriːp ˈʌp/,Verb,tiếp cận lén lút,The cat managed to creep up on the bird without being noticed.,
critique,/krɪˈtiːk/,Noun,chỉ trích phê phán,The professor provided a detailed critique of the student's essay to help them improve their writing.,
crude ,/kruːd/,Adjective,thô sơ,The pioneers lived in a crude wooden cabin.,
culprit,/ˈkʌlprɪt/,Noun,kẻ có tội,The police are still looking for the culprit of the robbery.,
cultivate,/ˈkʌltɪveɪt/,Verb,"cày cấy, trồng trọt, phát triển, nuôi",The villagers cultivate various crops like rice and corn to sustain their community.,
curtail,/kɜːˈteɪl/,Verb,giới hạn,The government decided to curtail public spending to reduce the budget deficit.,
damp,/dæmp/,Adjective,ẩm ướt,The grass was still damp with morning dew.,
daunting ,/ˈdɔːntɪŋ/,Adjective,đáng sợ,The task of finishing the project on time seemed daunting.,
decease,/dɪˈsiːs/,Verb,chết,The patient's family was notified shortly after he began to decease.,
decompose,/ˌdiːkəmˈpəʊz/,Verb,phân hủy,Bacteria and fungi help to decompose organic matter in the soil.,
deftly,/ˈdeft.li/,Adverb,nhanh nhẹn,She deftly avoided the obstacles in her path.,
deliberate,/dɪˈlɪb.ər.ət/,Adjective,"cố ý, có tính toán",The police believe the fire was a deliberate attempt to destroy evidence.,
demolition,/ˌdeməˈlɪʃn/,Noun,phá bỏ,The old factory is scheduled for demolition next week.,
demonize,/ˈdiːmənaɪz/,Verb,"phỉ báng, chê trách",The media tends to demonize those who disagree with the current policy.,
denounce,/dɪˈnaʊns/,Verb,chỉ trích phê phán,The government was quick to denounce the recent violence in the streets.,
densely,/ˈdensli/,Adverb,dày đặc,The area is densely populated with many high-rise buildings.,
density,/ˈden.sɪ.ti/,Noun,mật độ,The population density of the city has increased significantly over the last decade.,
deplete,/dɪˈpliːt/,Verb,cạn kiệt,Food supplies were severely depleted after the long winter.,
deplete,/dɪˈpliːt/,Verb,"cạn kiệt, suy yếu",Food supplies will deplete if we do not find a new source soon.,
depleting,/dɪˈpliːtɪŋ/,Verb,"làm cạn kiệt, suy giảm (tài nguyên, tiền bạc, năng lượng..)",The massive project is rapidly depleting the company's financial reserves.,
deregulation,/ˌdiːreɡjuˈleɪʃn/,Noun,"bãi bỏ lệnh, quy định",The government is planning a further deregulation of the banking industry.,
derive,/dɪˈraɪv/,Verb,suy ra,"From the evidence, we can derive that he was at the scene of the crime.",
deteriorate,/dɪˈtɪəriəreɪt/,Verb,suy giảm,The patient's health began to deteriorate rapidly.,
detour,/ˈdiː.tʊə(r)/,Noun,đường vòng,We had to take a detour because the main road was closed for repairs.,
detoxify,/diːˈtɒksɪfaɪ/,Verb,giải độc,Drinking plenty of water can help your body detoxify.,
devise,/dɪˈvaɪz/,Verb,nghĩ ra,He managed to devise a new method for solving the problem.,
devoid of,/dɪˈvɔɪd əv/,Phrase,không có thứ gì đó,"The Sahara Desert looks like a bare and inhospitable place, devoid of life.",
diabetes,/ˌdaɪəˈbiːtiːz/,Noun,tiểu đường,Maintaining a balanced diet is essential for people living with diabetes.,
dichotomy,/daɪˈkɒtəmi/,Noun,sự chia cắt,There is a clear dichotomy between the views of the two political parties.,
dig deep,/dɪɡ diːp/,Verb,"khai thác sâu, tìm hiểu kĩ",You need to dig deep to find the real cause of the problem.,
dignified,/ˈdɪɡ.nɪ.faɪd/,Adjective,nghiêm trang,The official ceremony was a dignified and solemn occasion.,
dignity,/ˈdɪɡnəti/,Noun,phẩm giá,He died with his dignity intact.,
dire,/ˈdaɪə(r)/​,Adjective,"bế tắc, không khả quan",The company is in dire need of financial assistance to avoid bankruptcy.,
disarm,/dɪsˈɑːm/,Verb,tước vũ khí,The guards were ordered to disarm the prisoners immediately.,
discrepancy,/dɪˈskrep.ən.si/,Noun,sự khác biệt,The committee noted a significant discrepancy between the two financial reports.,
discrete,/dɪˈskriːt/,Adjective,rời rạc,The data is broken down into discrete units for easier analysis.,
discretionary,/dɪˈskreʃənəri/,Adjective,tùy ý,The judge has wide discretionary powers to decide the sentence.,
disillusioned,/ˌdɪsɪˈluːʒənd/,Verb,vỡ mộng,He soon became disillusioned with the political party he had supported.,
disinfect,/ˌdɪsɪnˈfekt/,Verb,khử khuẩn,You should disinfect the wound to prevent infection.,
disjointed,/dɪsˈdʒɔɪntɪd/,Adjective,rời rạc,The script was a series of disjointed scenes that didn't make much sense together.,
dismantle,/dɪsˈmæntl/,Verb,tháo dỡ,The mechanics will dismantle the engine to identify the problem.,
disparity,/dɪˈspærəti/,Noun,"bất công, bất bình đẳng",The economic disparity between the wealthy and the poor continues to grow.,
dissented,/dɪˈsentɪd/,Verb,bất đồng quan điểm,Two justices dissented from the majority opinion.,
dissolve,/dɪˈzɒlv/,Verb,hòa tan,Sugar will dissolve quickly in hot water.,
distinction,/dɪˈstɪŋkʃn/,Noun,sự khác biệt,There is a clear distinction between the two versions of the software.,
dock,/dɒk/,"Verb, Noun",cảng; nhập cảng,The cruise ship will dock at the terminal in Miami tomorrow morning.,
documentation,/ˌdɒkjumenˈteɪʃn/,Noun,"tài liệu mô tả, hdsd",If this software or related documentation is delivered to the U.S. Government or anyone licensing it.,
drastic,/ˈdræstɪk/,Adjective,"mạnh, lớn",The government is taking drastic measures to reduce the budget deficit.,
dread,/drɛd/,Noun,"cực đoan, tiêu cực, lo sợ",The prospect of flyng fills me with dread.,
dubious,/ˈdjuːbiəs/,Adjective,mờ ám,The company's financial records looked dubious to the auditors.,
dwarf ,/dwɔːf/,Adjective,lùn,The garden was filled with colorful flowers and a small dwarf statue.,
dwell,/dwɛl/,Verb,"cư trú, sinh sống",Many nomadic tribes continue to dwell in the remote desert regions.,Dwell on our feelings
dwellers ,/ˈdweləz/,Noun,cư dân,The city's dwellers are increasingly concerned about the level of air pollution.,
dynamite,/ˈdaɪnəmaɪt/,Noun,thuốc nổ,"Once miners had drilled a hole into the rock face, they would clear out the debris and place dynamite in the hole.",
elitist,/ɪˈliːtɪst/,Adjective,"thượng đẳng, tư tưởng tinh hoa",Many people believe that the private school has an elitist atmosphere.,
eloquently,/ˈel.ə.kwənt.li/,Adverb,"nói dõng dạc, có khả năng nói","She spoke eloquently during the debate, impressively presenting her arguments and captivating the attention of the audience.",
elucidate,/ɪˈluːsɪdeɪt/,Verb,làm sáng tỏ,The attorney hoped that the new evidence would elucidate the events of that night.,
elude,/ɪˈluːd/,Verb,né tránh ai hoặc cái gì,The killer has managed to elude the police for several weeks.,
elusive ,/iˈluːsɪv/,Adjective,"khó phát hiện, khó tìm ra",The rare bird remains elusive despite the researchers' best efforts to track it.,
embarking,/ɪmˈbɑːkɪŋ/,Verb,khởi đầu,She is embarking on a new career in journalism.,embarking on careers
embryo,/ˈembriəʊ/,Noun,phôi thai,The development of an embryo begins after the fertilization of an egg.,
emit,/ɪˈmɪt/,Verb,tỏa ra,The factory chimneys emit clouds of black smoke into the atmosphere.,
empire,/ˈempaɪər/,Noun,đế chế,The Roman Empire stretched across three continents at its height.,
emulate,/ˈem.jə.leɪt/,Verb,mô phỏng,The boy tried to emulate his older brother's success in sports.,
encompass,/ɪnˈkʌmpəs/,Verb,"bao gồm, chứa đựng",The festival is to encompass everything from music and art to food and dance.,
endeavor,/ɪnˈdevə/,Noun,nỗ lực,The school will endeavor to provide the best possible education for its students.,
endorse,/ɪnˈdɔːs/,Verb,"ủng hộ, tán thành, chứng thực hoặc ký hậu",The board of directors voted to endorse the new proposal.,
enlighten,/ɪnˈlaɪtən/,Verb,"khai sáng, làm sáng tỏ",The lecture was intended to enlighten the students on the history of the region.,
enraptured,/ɪnˈræptʃəd/,Verb,phấn khích,The audience was enraptured by her beautiful performance.,
entangle,/ɪnˈtæŋɡl/,Verb,"làm rối, làm vướng",Loose fishing line can easily entangle in the reel's gears.,
entrées,/ˈɒntreɪz/,Noun,món khai vị,The restaurant offers a wide selection of hot and cold entrées.,
envisage,/ɪnˈvɪz.ɪdʒ/,Verb,"chiêm nghiệm, nhìn thấy",It was difficult to envisage how after all these years the project could still be incomplete.,
erected,/ɪˈrektɪd/,Verb,dựng,The city council erected a new statue in the town square.,
erode,/ɪˈrəʊd/,Verb,"xói mòn, bào mòn, suy yếu, giảm sút",Wind and rain can erode the rocks over time.,
erosion,/ɪˈrəʊʒn/,Noun,"sự xói mòn, ăn mòn",The heavy rainfall contributed to the rapid erosion of the riverbank.,
erosive ,/ɪˈrəʊsɪv/,Adjective,xói mòn,The velocity of water plays a pivotal role in shaping the intensity of erosive forces.,
escalation,/ˌeskəˈleɪʃn/,Noun,sự gia tăng,The military buildup led to a rapid escalation of the conflict.,
estrangement ,/ɪˈstreɪndʒmənt/,Noun,mất quan hệ,The separation led to a long period of estrangement between the two brothers.,
eternity,/ɪˈtɜː.nə.ti/,Noun,"mãi mãi, vĩnh cửu",The wait for the results felt like an eternity.,
etymology,/ˌetɪˈmɒlədʒi/,Noun,từ nguyên học,The student of linguistics spent years researching the etymology of the word.,Nghiên cứu về nguồn gốc của ngôn ngữ
euphemism,/ˈjuːfəmɪzəm/,Noun,nói giảm nói tránh,Passed away is a common euphemism for died.,
evacuate,/ɪˈvækjuːeɪt/,Verb,"thoát hiểm, trốn",Police had to evacuate the building after the fire alarm went off.,
evaporate,/ɪˈvæpəreɪt/,Verb,bay hơi,The water will evaporate if you leave it in the sun.,
evolve,/ɪˈvɒlv/,Verb,"tiến hóa, phát triển hoặc biến đổi dần dần theo thời gian (evolve from, evole into, evole strategies..)",The company has had to evolve new strategies to stay competitive in the market.,
excavation,/ˌekskəˈveɪʃn/,Noun,khai quật,The excavation of the ancient city revealed many gold artifacts.,
excessive,/ɪkˈsesɪv/,Adjective,"quá nhiều, thừa",The company's profits were hit by excessive production costs.,
excursion,/ɪkˈskɜːʃn/,Noun,"đi chơi, dã ngoại",We're going on an excursion to the seaside this weekend.,
exorbitantly,/ɪɡˈzɔːbɪtəntli/,Adverb,cao 1 cách vô lý,The cost of living in this city is exorbitantly high.,
exotic,/ɪɡˈzɒtɪk/,Adjective,lạ,She has a collection of exotic plants from all over the world.,
expell,/ɪkˈspel/,Verb,đuổi,The school board can decide to expel a student for breaking serious rules.,
explicit ,/ɪkˈsplɪsɪt/,Adjective,rõ ràng,The instructions for the project were very explicit and easy to follow.,
exploit,/ɪkˈsplɔɪt/,Verb,khai thác,Companies should not exploit their workers by making them work long hours for low pay.,
Exponentially ,/ˌek.spəˈnen.ʃəl.i/,Adverb,"Nhanh chóng, theo cấp số nhân",The population of the city has grown exponentially over the last decade.,
expulsion,/ɪkˈspʌlʃn/,Noun,đuổi,The student faces expulsion for his bad behavior.,
extraction,/ɪkˈstrækʃn/,Noun,trích xuất,The extraction of data from the system was successful.,
faction,/ˈfækʃn/,Noun,đảng phái,The rival faction within the party disagreed with the new leadership's policy.,
factual ,/ˈfæk.tʃu.əl/,Adjective,về sự thật,The report was based on factual information from the witnesses.,
faithful ,/ˈfeɪθfl/,Adjective,trung thành,He remained a faithful friend to her for many years.,
famine ,/ˈfæmɪn/,Noun,nạn đói,Millions of people are facing severe famine due to the prolonged drought.,
far-reaching,/ˌfɑːˈriːtʃɪŋ/,Adjective,lan rộng,The new policy will have far-reaching consequences for the local economy.,
farmable,/ˈfɑːməbl/,Adjective,có thể làm nông,Only a small percentage of the planet's land is actually farmable.,
favour,/ˈfeɪvə(r)/,Verb,"thiên vị, ưu tiên",The teacher tended to favour the students who sat in the front row.,
fazed,/feɪzd/,Adjective,"bất ngờ, ngợp",He was not fazed by the sudden change in plans.,
federation,/ˌfedəˈreɪʃn/,Noun,liên bang,The Russian Federation is the largest country in the world.,
fertilisers,/ˈfɜːtəlaɪzəz/,Noun,phân bón,Farmers use chemical fertilisers to help their crops grow faster.,
fetishized,/ˈfɛtᵻʃʌɪzd/,Verb,sùng bái,She has always fetishized the pursuit of wealth above everything else.,
feuding,/ˈfjuːdɪŋ/,Verb,có tranh cãi,The two families have been feuding for generations over a land dispute.,
fibre,/ˈfaɪbə(r)/​,Noun,chất xơ,A diet high in fibre is important for maintaining good digestive health.,
Filtration,/fɪlˈtreɪʃn/,Noun,lọc,Filtration is an essential step in the water treatment process to remove impurities.,
flammable ,/ˈflæməbl/,Adjective,đốt được,These materials are highly flammable and should be kept away from heat.,
fortified,/ˈfɔːtɪfaɪd/,"Adjective, Verb",gia cố,The town was fortified against the attacks with high walls and extra soldiers.,
fortune,/ˈfɔːtʃuːn/,Noun,vận may,He had the good fortune to be born into a wealthy family.,
fossil,/ˈfɒs.əl/,Noun,hóa thạch,Scientists found a preserved fossil of a dinosaur in the desert.,
fountain,/ˈfaʊntɪn/,Noun,vòi nước,The children are playing around the water fountain.,
fractious,/ˈfrækʃəs/,Adjective,cáu kỉnh,The fractious child refused to go to bed and cried for hours.,
fracture,/ˈfræktʃə(r)/,Noun,rạn nứt,The x-ray showed a small fracture in her wrist.,
fragile,/ˈfrædʒ.aɪl/,Adjective,"mỏng manh, dễ vỡ",The thin glass vase is very fragile and must be handled with care.,
fraternal ,/frəˈtɜːnl/,Adjective,"tình anh em, đồng chí",The two nations maintained a fraternal bond for many decades.,
fraud,/frɔːd/,Noun,lừa đảo,He was arrested for committing credit card fraud.,
frenetic,/frəˈnetɪk/,Adjective,hỗn loạn,"After weeks of frenetic activity, the job was finally finished.",
fringe,/frɪndʒ/,Noun,rìa,The house was situated on the fringe of the forest.,
frontrunner,/ˈfrʌntˌrʌnə(r)/,Noun,người dẫn đầu,She is the frontrunner in the upcoming presidential election.,
furbish,/ˈfɜːbɪʃ/,Verb,tân trang,He decided to furbish his old car to make it look new again.,
gale,/ɡeɪl/,Noun,cơn gió,The strong wind blew down a large tree during the gale.,
gallant,/ˈɡæl.ənt/,Adjective,ga lăng,He offered her his seat in a gallant gesture.,
garner,/ˈɡɑː.nər/,Verb,"thu thập, tích lũy thứ gì có giá trị (through hardwork or difficulty)",The senator managed to garner enough support to pass the bill.,
genocide,/ˈdʒenəsaɪd/,Noun,tàn sát,The United Nations has a legal obligation to prevent genocide and punish those responsible for it.,
germs,/dʒɜːmz/,Noun,khuẩn gây bệnh,Wash your hands often to get rid of germs.,
glamorise,/ˈɡlæm.ə.raɪz/,Verb,cường điệu hóa,Many movies glamorise violence and crime.,
glitch,/ɡlɪtʃ/,Noun,lỗi,A sudden technical glitch caused the computer system to crash.,
grains,/ɡreɪnz/,Noun,hạt ngũ cốc,Whole grains are an essential part of a healthy diet.,
grandiose,/ˈɡræn.di.əʊs/,Adjective,hoành tráng,The billionaire has grandiose plans to build a city on Mars.,
grapple with,/ˈɡræp.əl wɪð/,Verb,"đấu tranh, vật lộn với",The government continues to grapple with the issue of rising inflation.,
Grief,/ɡriːf/,Noun,nỗi đau buồn,She was overcome with grief after the loss of her dear friend.,
guardian,/ˈɡɑː.di.ən/,Noun,người giám hộ,The court appointed her aunt as her legal guardian.,
gullible,/ˈɡʌl.ə.bəl/,Adjective,cả tin,He was so gullible that he believed everything he read on the internet.,
hail,/heɪl/,Verb,tới từ,The traveler hailed from a small village in the mountains.,Thường dùng là hail from somewhere
haphazard,/hæpˈhæz.əd/,Adjective,hỗn loạn,The books were stacked in a haphazard pile on the floor.,
harbour,/ˈhɑːbə(r)/,Noun,bến cảng,The cruise ship slowly entered the harbour at dawn.,
hatch,/hætʃ/,Verb,nở,The eggs are expected to hatch by the end of the week.,
have a row,/hæv ə ˈraʊ/,Verb,cãi nhau,The couple next door have a row almost every night.,
hierarchical,/ˌhaɪəˈrɑːkɪkl/,Adjective,phân cấp,The company has a very hierarchical management structure.,
hindrance,/ˈhɪndrəns/,Noun,"sự cản trở, chướng ngại vật",The heavy fog was a major hindrance to the rescue efforts.,
homicide,/ˈhɒmɪsaɪd/,Noun,giết người,The police are investigating the case as a homicide.,
homogeneous,/ˌhɒm.əˈdʒiː.ni.əs/,Adjective,đồng nhất,The population of the village is relatively homogeneous.,
honorary,/ˈɒnərəri/,Adjective,danh dự,He was given an honorary degree for his contributions to science.,
humiliate,/hjuːˈmɪlieɪt/,Verb,"làm nhục, làm bẽ mặt",He did not want to humiliate her in front of her friends.,
hump,/hʌmp/,Noun,bướu,The camel has a large hump on its back.,
hurdle,/ˈhɜːdl̩/,Noun,rào cản,Finding enough money for the project was the first hurdle.,
imitate,/ˈɪmɪteɪt/,Verb,bắt chước,Children often imitate their parents' behavior.,
impairment,/ɪmˈpeəmənt/,Noun,sự khuyết thiếu,The symptoms of cognitive impairment can include memory loss and confusion.,
impart,/ɪmˈpɑːt/,Verb,truyền đạt,A good teacher knows how to impart knowledge to their students.,
impasse,/ˈæmpɑːs/,Noun,tình trạng không tiến triển,"Negotiations have reached an impasse, with neither side willing to compromise.",
implicit,/ɪmˈplɪs.ɪt/,Adjective,ngầm định,There is an implicit agreement between the two companies.,
impose restriction,/ɪmˈpəʊz rɪˈstrɪkʃn/,Verb,đưa ra hạn chế,The government decided to impose restrictions on international travel to prevent the spread of the virus.,
improvisation,/ˌɪmprəvaɪˈzeɪʃn/,Noun,ứng biến,The jazz performance was a brilliant piece of improvisation.,
in a bid to ,/ɪn ə ˈbɪd tuː/,Phrase,để cố làm gì đó,The company reduced its prices in a bid to attract more customers.,
Inclination,/ˌɪnklɪˈneɪʃn/,Noun,sự thôi thúc,He has a natural inclination towards music and arts.,
incompatible,/ˌɪnkəmˈpætəbl/,Adjective,không tương thích,The software is incompatible with my computer's operating system.,
increment,/ˈɪŋ.krə.mənt/,"Verb, Noun",tăng,The manual contains instructions on how to increment the counter.,
indigenous,/ɪnˈdɪdʒɪnəs/,Adjective,bản địa,The kangaroo is indigenous to Australia.,
Indiscriminate ,/ˌɪn.dɪˈskrɪm.ɪ.nət/,Adjective,không phân biệt,The indiscriminate use of pesticides can harm the local ecosystem.,
infectious,/ɪnˈfekʃəs/,Adjective,lan tỏa,Her infectious laughter spread throughout the entire room.,
inferior,/ɪnˈfɪəriə(r)/,Adjective,kém cỏi,He felt inferior to his older brother in every way.,
inflammation,/ˌɪn.fləˈmeɪ.ʃən/,Noun,viêm,The doctor prescribed medicine to reduce the inflammation in her knee.,
influx,/ˈɪn.flʌks/,Noun,tràn vào,The influx of summer tourists was too much for people living in the small town.,
ingenuity,/ˌɪndʒəˈnjuːəti/,Noun,sự ngây thơ,Her facial expression was a perfect picture of innocence.,
inherent,/ɪnˈhɪərənt/,Adjective,có sẵn,Violence is inherent in some sports.,
inherit,/ɪnˈherɪt/,Verb,"thừa hưởng, di truyền",She will inherit a large fortune from her grandmother.,
instinct,/ˈɪn.stɪŋkt/,Noun,bản năng,Her first instinct was to run away from the danger.,
intensify,/ɪnˈtensɪfaɪ/,Verb,tăng cường,The company plans to intensify its marketing efforts to reach more customers.,
interim,/ˈɪntərɪm/,Adjective,tạm quyền,The board of directors appointed an interim CEO until a permanent replacement could be found.,
intertwined,/ˌɪn.təˈtwaɪnd/,Adjective,liên kết,The fates of the two families are closely intertwined.,
intervention,/ˌɪntəˈvenʃn/,Noun,can thiệp,The government's intervention was necessary to prevent a financial crisis.,
intractable,/ɪnˈtræktəbl/,Adjective,không thể giải quyết,The issue of unemployment has become an intractable problem for the government.,
intricacy,/ˈɪn.trɪ.kə.si/,Noun,chi tiết,The designer paid great attention to every intricacy of the pattern.,
Intriguingly,/ɪnˈtriːɡɪŋli/,Adverb,thú vị,"Intriguingly, the two stories were very similar.",
intrinsic,/ɪnˈtrɪnzɪk/,Adjective,"có sẵn, thuộc về bản chất",Flexibility is intrinsic to creative writing.,
introspective ,/ˌɪn.trəˈspek.tɪv/,Adjective,"Hướng nội, hay tự chiêm nghiệm","After his long trip, he became more introspective and thoughtful about his future.",
irony,/ˈaɪ.rə.ni/,Noun,"trào phúng, mỉa mai",The irony of the situation was that he forgot his keys while locking the door to keep the house safe.,
irreparable,/ɪˈrepərəbl/,Adjective,không thể sửa được,The accident caused irreparable damage to the car.,
iterative,/ˈɪt.ər.ə.tɪv/,Adjective,tăng dần,"The design process was iterative, involving many small improvements over time.",
itinerary,/aɪˈtɪnərəri/,Noun,lịch trình,We will send you a detailed itinerary of the trip next week.,
jeopardize,/ˈdʒep.ə.daɪz/,Verb,gây nguy hại,He disagreed with the decision because he felt it would jeopardize his career.,
junction,/ˈdʒʌŋkʃn/,Noun,"giao lộ, giao điểm",The driver stopped at the busy junction to check the map.,
jurisdiction,/ˌdʒʊərɪsˈdɪkʃən/,Noun,quyền hành pháp,The court does not have jurisdiction over this specific legal matter.,
laid-back,/ˌleɪdˈbæk/,Adjective,"thư giãn, thoải mái",He has a very laid-back attitude toward his work.,
latch on,/ˌlætʃ ˈɒn/,Verb,bám vào,"We are the ones who may latch on to visions of peace, justice or scientific progress.",
leaflet,/ˈliːf.lət/,Noun,tờ rơi,The waiter handed me a leaflet about the restaurant's special offers.,
lease,/liːs/,Noun,thuê,The landlord and tenant signed a five-year lease for the apartment.,
legitimize,/ləˈdʒɪtɪmaɪz/,Verb,hợp pháp hóa,The government decided to legitimize the new trade agreement to boost the economy.,
lesson,/ˈlesn/,Verb,bài học,The teacher taught a very interesting lesson today.,
linger,/ˈlɪŋ.ɡə(r)/​,Verb,"bám, vương lại",The scent of her perfume will linger in the room long after she has left.,
livestock,/ˈlaɪv.stɒk/,Noun,gia súc,"The farmer owns various types of livestock, including cattle and sheep.",
looming,/ˈluː.mɪŋ/,Adjective,"xuất hiện lờ mờ, không vui, gây lo âu, xảy ra, ","Dark clouds are looming over the horizon, signaling an approaching storm.",
loose,/luːs/,Adjective,lỏng,One of the buttons on my shirt is loose.,
lucid,/ˈluːsɪd/,Adjective,sống động,The author's lucid writing style made the complex subject easy to understand.,
lucrative,/ˈluːkrətɪv/,Adjective,"sinh lời, thành công, khởi sắc, phát đạt",The merger proved to be a very lucrative business deal for both companies.,
manipulate,/məˈnɪp.jə.leɪt/,Verb,thao túng,He knew how to manipulate the data to get the results he wanted.,
masquerade,/ˌmæskəˈreɪd/,Verb,giả danh,He tried to masquerade as a local to avoid suspicion.,
materialism,/məˈtɪəriəlɪzəm/,Noun,chủ nghĩa vật chất,He believes that modern materialism has led people to forget the importance of spiritual values.,
materialize,/məˈtɪəriəlaɪz/,Verb,hình thành,The expected profits failed to materialize.,
memorial,/məˈmɔːriəl/,Noun,tưởng niệm,The town built a memorial to honor the soldiers who died in the war.,
microorganisms,/ˌmaɪkrəʊˈɔːɡənɪzəmz/,Noun,vi sinh vật,The microscope allows us to see tiny microorganisms in the water sample.,
misbehaving ,/ˌmɪsbɪˈheɪvɪŋ/,Verb,hành xử không đúng,The children were punished for misbehaving in class.,
miscarriage,/ˈmɪsˌkærɪdʒ/,Noun,sảy thai,The doctor explained that a miscarriage can happen for many different reasons.,
miscellaneous,/ˌmɪs.əlˈeɪ.ni.əs/,Adjective,"linh tinh, nhiều thứ khác",She has a drawer full of miscellaneous items.,
misfortune,/ˌmɪsˈfɔːtʃuːn/,Noun,bất hạnh,He had the misfortune to lose his wallet on the first day of his vacation.,
misogynistic,/mɪˌsɒdʒ.ɪˈnɪs.tɪk/,Adjective,tư tưởng trọng nam khinh nữ,He was criticized for his misogynistic attitude toward his female colleagues.,
misuse,/ˌmɪsˈjuːz/,Verb,lạm dụng,He was accused of using his position to misuse company funds for his own personal benefit.,
momentum,/məˈmentəm/,Noun,"đà thị trường, đà phát triển",The company’s expansion into new global markets is gaining significant momentum.,
morale,/məˈrɑːl/,Noun,tinh thần,Winning a championship can offer a much-needed morale boost for the entire community.,
mortgage,/ˈmɔːɡɪdʒ/,Noun,khoản vay thế chấp,They took out a mortgage to buy their first home.,
muddled,/ˈmʌdld/,Adjective,khó hiểu,The explanation he gave was muddled and difficult to follow.,
mundane,/mʌnˈdeɪn/,Adjective,tầm thường,He lead a very mundane life.,
municipality,/mjuːˌnɪs.ɪˈpæl.ə.ti/,Noun,hội đồng thành phố,The municipality is responsible for maintaining the local parks and roads.,
myth,/mɪθ/,Noun,truyền thuyết,Ancient Greek myth tells of gods and heroes who lived on Mount Olympus.,
named after,/ˌneɪmd ˈɑːftə/,Adjective,đựoc đặt tên theo,The city was named after a famous explorer.,
negligible,/ˈneɡlɪdʒəbl/,Adjective,không đáng kể,The difference between the two products was negligible.,
noble,/ˈnəʊ.bəl/,Adjective,quý tộc,The family has a long and noble history.,
notorious,/nəʊˈtɔːriəs/,Adjective,tai tiếng,He is notorious for his bad behavior on set.,
nuance,/ˈnjuːɑːns/,Noun,sắc thái (còn nuanced là đa chiều..),He listened to the music carefully to appreciate every subtle nuance of the performance.,
nuanced,/ˈnjuː.ɒnst/,Adjective,"chi tiết, tinh tế",His performance was a nuanced portrayal of a complex character.,
Oath,/əʊθ/,Noun,lời thề,The witness took an oath to tell the truth in court.,
obesity,/əʊˈbiː.sə.ti/,Noun,béo phì,Obesity is a major public health problem in many countries.,
objective,/əbˈdʒektɪv/,Adjective,khách quan,The judge must remain objective throughout the trial.,
oblige,/əˈblaɪdʒ/,Verb,"bắt buộc, yêu cầu",The law will oblige sellers to accept returns of faulty goods.,
oblivious to,/əˈblɪv.i.əs tuː/,Adjective,không biết,He was so oblivious to all of this.,
obscurity ,/əbˈskjʊərəti/,Noun,sự không nổi tiếng,The artist lived in obscurity for many years before his work was finally discovered.,
obsolete,/ˈɒbsəliːt/,Adjective,"lỗi thời, không sử dụng được nữa",The new technology rendered the old computer system obsolete.,
omit,/əˈmɪt/,Verb,bỏ sót,Please be careful not to omit any important details from your report.,
oral tradition,/ˈɔː.rəl trəˈdɪʃ.ən/,Noun,phong tục truyền miệng,The myths and legends of the tribe have been preserved through a rich oral tradition.,
orphan,/ˈɔːfn/,Noun,mô côi,The boy became an orphan after his parents died in a car accident.,
palatable ,/ˈpæl.ə.tə.bəl/,Adjective,"ăn được, đủ ngon",The chef prepared a meal that was both nutritious and palatable.,
paralyzed,/ˈpærəlaɪzd/,Verb,tê liệt,The sudden accident paralyzed him from the waist down.,
paramount,/ˈpærəmaʊnt/,Adjective,"tối quan trọng, tối cao",The safety of the passengers is of paramount importance.,
parliament,/ˈpɑːləmənt/,Noun,quốc hội,The bill was passed by parliament.,
pathology,/pəˈθɒlədʒi/,Noun,bệnh học,The student is currently studying cellular pathology.,
patriarchy,/ˈpeɪtriɑːki/,Noun,chế độ gia trưởng,"For centuries, the country was ruled by a strict patriarchy.",
peasant,/ˈpez.ənt/,Noun,"tiểu nhân, dân đen",The peasant worked hard in the fields all day.,
peculiarity,/pɪˌkjuːliˈærəti/,Noun,điểm kì lạ,One peculiarity of the building is that it has no windows on the ground floor.,
pedagogical,/ˌped.əˈɡɒdʒ.ɪkəl/,Adjective,về phương pháp giáo dục,The teacher's pedagogical approach emphasizes student participation and hands-on learning.,
penchant,/ˈpɒ̃ʃɒ̃/,Noun,"sự ưa thích, thói","As was Davis's penchant, he called for almost no rehearsal and the musicians had little idea what they were to record.",
penetrate ,/ˈpenətreɪt/,Verb,xuyên thủng,The bullet managed to penetrate the thick armor.,
penitentiary,/ˌpen.ɪˈten.ʃər.i/,Noun,nhà giam,The prisoner was sent to the state penitentiary for ten years.,
Pensive,/ˈpɛnsɪv/,Adjective,"trầm ngẫm, suy tư sâu sắc","He sat by the window in a pensive mood, staring out at the rain.",
perennially ,/pəˈren.i.ə.li/,Adverb,thường niên,The city's transport system is perennially underfunded.,
peripheral,/pəˈrɪf.ər.əl/,Adjective,bao quát,The report provides a peripheral view of the subject without going into detail.,peripheral vision = tầm nhìn bao quát
perk,/pɜːk/,Noun,lợi ích,One of the perks of the job is having a company car.,
perpetrated,/ˈpɜːpətreɪtɪd/,Verb,thực hiện hành vi,The crime was perpetrated by a group of unknown individuals.,
persist,/pəˈsɪst/,Verb,tiếp tục,"If the pain persists, you should see a doctor.",
persistent,/pəˈsɪs.tənt/,Adjective,"kiên trì, ngoan cố, duy trì",She showed a persistent effort to master the new language despite the difficulties.,
petite,/pəˈtiːt/,Adjective,nhỏ bé,She has a petite frame and often shops in the specialized clothing section for smaller sizes.,
petition,/pəˈtɪʃn/,Noun,cuộc vận động,Residents have submitted a petition to the city council to block the new housing project.,
pivotal,/ˈpɪvətl/,Adjective,"có tính quan trọng, chủ chốt","Pivotal business moments are full of complexity, moving parts, and high stakes.",
plaque,/plɑːk/,Noun,mảng bám,Regular brushing helps prevent the buildup of plaque on your teeth.,
plunge,/plʌndʒ/,Verb,"cắm đầu, tụt dốc",Stock prices began to plunge after the disappointing earnings report.,
poaching,/ˈpəʊ.tʃɪŋ/,"Verb, Noun",săn bắt,Illegal poaching poses a significant threat to the survival of endangered species.,
poised,/pɔɪzd/,Adjective,sẵn sàng,The team is poised to win the championship this year.,
polish,/ˈpɒl.ɪʃ/,Verb,đánh bóng,He spent the afternoon polishing his shoes until they shone.,
pragmatic,/præɡˈmætɪk/,Adjective,"theo thực tế, thực dụng",He took a pragmatic approach to the problem.,
preclude,/prɪˈkluːd/,Verb,ngăn cản,His lack of experience does not preclude him from being considered for the job.,
predator,/ˈpredətə(r)/,Noun,thú săn mồi,The lion is a fierce predator that hunts for food on the African savanna.,
predisposed,/ˌpriː.dɪˈspəʊzd/,Adjective,"có xu hướng, dễ bị","If your parents have heart disease, you might be genetically predisposed to it as well.",
predisposition,/ˌpriːdɪspəˈzɪʃn/,Noun,"có xu hướng, dễ bị",There is a genetic predisposition to this disease.,predisposed to a disease = có nguy cơ cao bị bệnh
predominantly,/prɪˈdɒm.ɪ.nənt.li/,Adverb,"chủ yếu, phần lớn",The population of the island is predominantly of European descent.,
prehistoric ,/ˌpriːhɪˈstɒrɪk/,Adjective,tiền sử,Archaeologists discovered several prehistoric tools buried deep in the cave.,
premature,/ˌprem.əˈtʃʊə(r)/,Adjective,sớm,The sun's premature disappearance behind the clouds brought an early chill to the afternoon.,
premonition,/ˌprem.əˈnɪʃ.ən/,Noun,điềm,He had a sudden premonition that something was wrong.,
prerequisite,/ˌpriːˈrek.wɪ.zɪt/,Noun,điều kiện tiên quyết,Passing the entrance exam is a prerequisite for admission to the university.,
prescribe,/prɪˈskraɪb/,Verb,kê đơn thuốc,Your doctor may prescribe a short course of antibiotics if you have a bacterial infection.,
prevail,/prɪˈveɪl/,Verb,chiếm ưu thế,Common sense will prevail in the end.,
preventative,/prɪˈven.tə.tɪv/,Adjective,"có tính phòng ngừa, ngăn chặn",The doctor recommended taking preventative measures to avoid getting sick.,
primitive,/ˈprɪm.ɪ.tɪv/,Adjective,sơ khai,The conditions in the village were still quite primitive.,
pristine,/ˈprɪstiːn/,Adjective,"thuần khiết, nguyên vẹn",The mountain has a pristine forest that has never been touched by humans.,
probe,/prəʊb/,Verb,đào sâu thêm,The interviewer began to probe into the details of her past employment.,
prone,/prəʊn/,Adjective,dễ bị,He is prone to injury.,
propensity,/prəˈpen.sə.ti/,Noun,xu hướng,She has a propensity for overspending when she goes to the mall.,
proponents,/prəˈpəʊnənts/,Noun,người ủng hộ,Supporters of the shelter dispute those claims.,
proximity,/prɒkˈsɪm.ə.ti/,Noun,"sự tiệm cận, khoảng cách gần",One crucial factor often overlooked is proximity to school.,
put off,/pʊt ˈɒf/,Verb,bị mất hứng thú,The smell of the food really put me off.,
rage,/reɪdʒ/,Noun,tức giận,His face was red with rage.,
reactant,/riˈæktənt/,Noun,chất phản ứng,The chemical reactant was added to the solution to start the transformation.,
rear,/rɪə(r)/,Adjective,phía sau,The passengers in the rear seats should wear seat belts.,
rearview mirror,/ˌrɪəvjuː ˈmɪrə/,Noun,gương chiếu hậu,He adjusted the rearview mirror to get a better view of the traffic behind him.,
reassemble,/ˌriːəˈsembl/,Verb,lắp lại,The technician had to reassemble the engine after the inspection.,
reconcile,/ˈrek.ən.saɪl/,Verb,giải quyết,It is sometimes difficult to reconcile science and religion.,
rectify,/ˈrektɪfaɪ/,Verb,giải quyết,The company took immediate action to rectify the situation.,
rectum,/ˈrektəm/,Noun,hậu môn,The rectum is the final section of the large intestine.,
redeemed,/rɪˈdiːmd/,Verb,"đổi, nhận",She redeemed her loyalty points for a free flight.,
redundancy,/rɪˈdʌndənsi/,Noun,dư thừa,The use of multiple safety systems provides a level of redundancy in case one fails.,
rehabilitate,/ˌriːəˈbɪlɪteɪt/,Verb,phục hồi,The clinic helps to rehabilitate patients after surgery.,
reluctantly,/rɪˈlʌktəntli/,Adjective,lưỡng lự,She agreed to the proposal reluctantly after a long discussion.,
reran,/ˌriːˈræn/,Verb,chạy lại,The engineers reran the simulation to verify the new data.,
resemble,/rɪˈzembəl/,Verb,trông giống,The child does not resemble either of his parents.,
resentment,/rɪˈzentmənt/,Noun,sự ghét bỏ,The manager's unfair treatment of the staff led to a growing sense of resentment.,
resistance ,/rɪˈzɪstəns/,Noun,phản kháng,The army faced fierce resistance from the local population.,
resoluteness,/ˈrezəluːtnəs/,Noun,cương quyết,The council admired the young leader for her resoluteness in the face of such public criticism.,
resolution,/ˌrez.əˈluː.ʃən/,Noun,quyết định,She made a firm resolution to work harder this year.,
restoration,/ˌrestəˈreɪʃn/,Noun,phục hồi,The restoration of the old building took several months to complete.,
retain,/rɪˈteɪn/,Verb,giữ lại,The company decided to retain its current staff despite the financial challenges.,
reversal,/rɪˈvɜːsl/,Noun,đảo ngược,The sudden reversal of the decision surprised everyone.,
revival,/rɪˈvaɪvəl/,Noun,sự hồi sinh,The city is experiencing a cultural revival with many new art galleries opening.,
relinquish,/rɪˈlɪŋ.kwɪʃ/,Verb,"từ bỏ, giao lại",He refused to relinquish control of the company.,
sabotage,/ˈsæbətɑːʒ/,Verb,phá,The rebels tried to sabotage the oil pipeline.,
sanction,/ˈsæŋkʃn/,Noun,cấm vận,The government decided to impose a trade sanction against the country.,
sanctuary,/ˈsæŋktʃuəri/,Noun,khu bảo tồn; nơi trú ẩn,The island serves as a peaceful sanctuary for several rare species of birds.,
satellite,/ˈsætəlaɪt/,Noun,vệ tinh,The company launched a new communication satellite into orbit.,
scrap,/skræp/,Verb,"bỏ, vứt",We decided to scrap the old plans and start again.,
scrutiny ,/ˈskruːtɪni/,Noun,soi xét,The company's financial records are under close scrutiny by the auditors.,
sedentary,/ˈsed.ən.tər.i/,Adjective,lười vận động,Many people lead a sedentary lifestyle because of their office jobs.,
seldom,/ˈseldəm/,Adverb,ít khi,He seldom goes to the cinema because he prefers watching movies at home.,
self-inflicted,/ˌself.ɪnˈflɪk.tɪd/,Adjective,tự gây ra,The country's economic problems are largely self-inflicted.,
self-possessed,/ˌself.pəˈzest/,Adjective,"tự tin, điềm tĩnh",She remained calm and self-possessed throughout the difficult interview.,
self-proclaimed,/ˌself prəˈkleɪmd/,Adjective,tự xưng,The self-proclaimed expert failed to answer any of the basic questions.,
set the stage,/set ðə steɪdʒ/,Verb,đặt nền móng,Early intervention sets the stage for future growth and success.,
shallow,/ˈʃæləʊ/,Adjective,nông cạn,The stream is quite shallow here.,
shaving ,/ˈʃeɪvɪŋ/,Noun,cạo râu,He finished shaving and splashed some cold water on his face.,
shudder,/ˈʃʌd.ə(r)/,Verb,"rùng mình, rung lên bần bật","When she reached L'Abri she shuddered at the first sight of it, as she always did.",
slump,/slʌmp/,"Verb, Noun",trầm lắng,The housing market is currently in a major slump.,
smash,/smæʃ/,Verb,đập,He used a heavy hammer to smash the old glass table.,
smuggle,/ˈsmʌɡl/,Verb,buôn lậu đồ,He managed to smuggle the goods across the border.,
sob,/sɒb/,Verb,khóc,The child began to sob when he realized he was lost.,
solemn,/ˈsɒl.əm/,Adjective,trang nghiêm,The crowd remained silent during the solemn ceremony.,
sovereign,/ˈsɒvrɪn/,Adjective,chủ quyền độc lập,The country is now a sovereign state after gaining independence.,
specimen,/ˈspesɪmən/,Noun,mẫu vật,The scientist carefully examined the biological specimen under a microscope.,
speculation,/ˌspek.jəˈleɪ.ʃən/,Noun,"phỏng đoán, dự đoán",There was widespread speculation that the company would soon go bankrupt.,
spin off,/ˈspɪn ɒf/,Verb,dẫn xuất,The popular television series decided to spin off a new show centered on the breakout character.,
spiraling,/ˈspaɪərəlɪŋ/,Adjective,trở nên tồi tệ hơn,These small actions can interrupt the spiral of anxious thoughts.,
spur,/spɜː(r)/,Verb,"bộc phát, thúc đẩy",The lower tax rates were intended to spur investment.,
squeeze out,/ˌskwiːz ˈaʊt/,Verb,ép ra,He managed to squeeze out the last bit of toothpaste from the tube.,
staggered,/ˈstæɡ.əd/,Verb,chững lại,Economic growth staggered after the recent financial crisis.,
staggering,/ˈstæɡərɪŋ/,Adjective,bất ngờ,The financial cost of the project is staggering.,
stagnation,/stæɡˈneɪʃn/,Noun,"sự chững lại, dừng phát triển, trì trệ",The country's economy is showing signs of stagnation after years of rapid growth.,
staple,/ˈsteɪpl/,Adjective,thường thấy,Rice is a staple food for more than half of the world's population.,
stark,/stɑːk/,Adjective,rõ ràng,The hills stood in stark contrast against the blue sky.,
statehood,/ˈsteɪt.hʊd/,Noun,quyền độc lập,The movement for Palestinian statehood has gained significant international support in recent years.,
stealth ,/stelθ/,Noun,lén lút,The cat moved with great stealth as it approached the bird.,
steep,/stiːp/,Adjective,"dốc, sâu",The path to the village is very steep.,
steer,/stɪə(r)/,Verb,rẽ,The driver had to steer the car away from the pothole.,
step up,/ˌstep ˈʌp/,Verb,"đứng dậy, bước lên",Please step up to the podium to receive your award.,
stifle,/ˈstaɪfl/,Verb,cản trở,High taxes stifle industrial investment and growth.,
stirring,/ˈstɜːrɪŋ/,Noun,dậy lên,The photo of the child being detained became a stirring image of the immigration crisis.,
striking,/ˈstraɪkɪŋ/,Adjective,"rõ ràng, nổi bật",The contrast between the red flowers and the white snow was striking.,
subjective,/səbˈdʒektɪv/,Adjective,chủ quan,Everyone's opinion of the movie is purely subjective.,
substance,/ˈsʌbstəns/,Noun,"chất, lượng, nội dung",The study found a harmful substance in the water supply.,
substantial,/səbˈstæn.ʃəl/,Adjective,"khá là, tương đối lớn",The company has made substantial progress in reducing its carbon footprint.,Dùng giống significant
sufficient,/səˈfɪʃnt/,Adjective,có đủ,We have sufficient evidence to support our claim.,
superficial,/ˌsuːpəˈfɪʃl/,Adjective,"viển vông, không sâu sắc",He has only a superficial knowledge of the subject.,
supersede,/ˌsuː.pəˈsiːd/,Verb,thay thế,The new law will supersede all previous regulations regarding environmental protection.,
superstitious,/ˌsuːpəˈstɪʃəs/,Adjective,tin ngưỡng,Some people are superstitious and believe that breaking a mirror brings seven years of bad luck.,
supplant,/səˈplɑːnt/,Verb,thay thế,Newer technologies will eventually supplant the systems we use today.,
suppress,/səˈpres/,Verb,kìm hãm,She struggled to suppress her laughter during the meeting.,
surmount,/səˈmaʊnt/,Verb,vượt qua,She had to surmount many obstacles to achieve her goal.,
Suspicion ,/səˈspɪʃn/,Noun,sự nghi ngờ,Her sudden wealth aroused a lot of suspicion among her neighbors.,
sway,/sweɪ/,Verb,thuyết phục,He managed to sway the committee to his side.,
swell,/swel/,Verb,sưng hoặc nổi lên,The foot and ankle swell quickly after injury due to gravity.,
take offence,/teɪk əˈfens/,Verb,cảm thấy bị xúc phạm,I hope you didn't take offence at my comment.,
telegraph,/ˈtel.ɪ.ɡrɑːf/,Noun,điện tín,Samuel Morse sent the first formal message over the telegraph in 1844.,
temper ,/ˈtem.pə(r)/,Noun,tính khí,He has a very short temper when things do not go his way.,
temperamental,/ˌtemprəˈmentl/,Adjective,tính khí thất thường,My temperamental car often refuses to start in cold weather.,
temptations,/tempˈteɪʃnz/,Noun,cám dỗ,He found it difficult to resist the temptations of city life.,undistracted by temptations
tenured,/ˈtenjəd/,Verb,bổ nhiệm vị trí,The university tenured the professor after years of outstanding research.,
terrestrial,/təˈres.tri.əl/,Adjective,thuộc về đất liền,Scientists are studying the different types of terrestrial ecosystems found in this region.,
terror,/ˈterə/,Noun,"sự kinh hoàng, nỗi khiếp sợ tột độ",The crowd fled in terror as the building began to collapse.,
textile,/ˈtek.staɪl/,Noun,vải,The company specializes in the production of high-quality textile for the fashion industry.,
Tinkering,/ˈtɪŋkərɪŋ/,Adjective,"Thử nghiệm, điều chỉnh",He spent the afternoon tinkering with the old radio to get it working again.,
tolerate ,/ˈtɒləreɪt/,Verb,chịu đựng,I will not tolerate such rude behavior in my house.,
toll,/təʊl/,Noun,"phí giao thông/cầu đường hoặc thiệt hại, tổn thất ",The heavy rain took a high toll on the local farmers' crops.,
toss,/tɒs/,Verb,ném,He threw the ball across the field to his friend.,
tragic,/ˈtrædʒɪk/,Adjective,bi kịch,The death of the young athlete was a tragic accident.,
transcend,/trænˈsend/,Verb,vượt qua,The best speakers are those who can transcend cultural barriers.,
transcend,/trænˈsend/,Verb,vượt qua,The best art can transcend cultural barriers and connect people from all over the world.,
tremble ,/ˈtrem.bəl/,"Verb, Noun",run rẩy,Her voice began to tremble as she spoke about the accident.,
tremor,/ˈtrem.ə(r)/,Noun,sự rung động,She felt a slight tremor in her hands.,
tribute,/ˈtrɪbjuːt/,"Verb, Noun",dành tặng,Floral tributes were laid at the war memorial to honor the fallen soldiers.,"Gọi là kiểu màn trình diễn gửi tặng cho ABCXYZ, hoặc là bài hát, hoặc là cống nạp :)) Tùy vào ngữ cảnh, nhìn chung đều là tặng quà"
trivial,/ˈtrɪviəl/,Adjective,"nhỏ, không đáng kể","I know it sounds trivial, but I'm worried about it.",
troop,/truːp/,Noun,quân đội,The troop of soldiers marched into battle.,
turmoil,/ˈtɜːmɔɪl/,Noun,"sự hỗn loạn, rối ren",The country was thrown into turmoil after the government collapsed.,
turn down,/tɜːn daʊn/,Verb,từ chối,She decided to turn down the job offer because the salary was too low.,
ubiquity,/juːˈbɪk.wə.ti/,Noun,sự phổ biến,The ubiquity of smartphones has changed how we communicate.,
ulterior,/ʌlˈtɪə.ri.ə/,Adjective,"thầm kín, ẩn sau",I suspected that he had an ulterior motive for being so kind to me.,
unanimous,/juˈnæn.ɪ.məs/,Adjective,đồng thuận,The committee reached a unanimous decision to approve the new project proposal.,
unanimously,/juːˈnænɪməsli/,Adverb,đồng thuận,The committee voted unanimously to approve the new budget.,
underhand,/ˌʌndəˈhænd/,Noun,không trung thực,The business was accused of using underhand tactics to win the contract.,
undermine,/ˌʌndəˈmaɪn/,Verb,làm giảm,Constant criticism can undermine your self-confidence.,
undeterred ,/ˌʌndɪˈtɜːd/,Adjective,không nản lòng,"Undeterred by the rain, they continued their hike up the mountain.", undeterred by challenges
undisputed,/ˌʌndɪˈspjuːtɪd/,Adjective,không bàn cãi,He is the undisputed champion of the world.,
unforgeable,/ʌnˈfɔːdʒəbl/,Adjective,không thể làm giả,The digital signature creates an unforgeable fingerprint of the document.,
universal,/ˌjuːnɪˈvɜːsl/,Adjective,"toàn cầu, phổ quát, chung",Music is often described as a universal language.,
unlawful use of force,/ʌnˈlɔːfʊl juːs əv fɔːs/,Noun,dùng vũ lực trái pháp luật,The officer was charged after a video captured his unlawful use of force during the arrest.,
unprecedented,/ʌnˈpres.ɪ.den.tɪd/,Adjective,không có tiền lệ,The rise in temperature is unprecedented in recorded history.,
unsanitary ,/ʌnˈsænɪtri/,Noun,không hợp vệ sinh,The restaurant was closed down due to unsanitary conditions in the kitchen.,
usher,/ˈʌʃə(r)/,Verb,"khởi đầu, khởi sắc",The arrival of the new director will usher in a period of change for the company.,
vandalism,/ˈvændəlɪzəm/,Noun,phá hoại tài sản,The park was closed for a month due to vandalism.,
vandalism,/ˈvændəlɪzəm/,Noun,phá hoại của công,The local park has suffered from repeated acts of vandalism.,
vanguard,/ˈvæn.ɡɑːd/,Noun,tiên phong,The company was at the vanguard of the digital revolution.,
vanish,/ˈvæn.ɪʃ/,Verb,biến mất,The magician made the rabbit vanish into thin air.,
vastness,/ˈvɑːstnəs/,Noun,sự rộng lớn,The vastness of the ocean is truly breathtaking.,
versatility,/ˌvɜː.səˈtɪl.ə.ti/,Noun,tính đa năng,The versatility of this multi-tool makes it essential for any camping trip.,
vessel,/ˈves.əl/,Noun,tàu,The large vessel arrived at the port this morning.,
viable,/ˈvaɪəbl/,Adjective,khả thi,The project is no longer commercially viable.,
vigilant,/ˈvɪdʒɪlənt/,Adjective,cảnh giác,The police asked the public to remain vigilant.,
visuals,/ˈvɪʒ.u.əlz/,Noun,"đồ họa, hình ảnh",The presentation was much more engaging thanks to the inclusion of colorful visuals.,
voraciously,/vəˈreɪ.ʃəs.li/,Adjective,háo hức,"He read voraciously, finishing several books every week.",
voyage,/ˈvɔɪɪdʒ/,Noun,hành trình,The Titanic sank on its maiden voyage.,
voyaging,/ˈvɔɪ.ɪdʒ.ɪŋ/,Noun,du hành,The ancient Polynesians were famous for their ocean voyaging.,
well-proportioned,/ˌwel.prəˈpɔː.ʃənd/,Adjective,tỉ lệ cân đối,The room was large and well-proportioned.,
wilderness,/ˈwɪldənəs/,Noun,hoang dã,The hikers spent a week exploring the vast wilderness of the national park.,
wire,/ˈwaɪə(r)/,Noun,Dây điện,The electrician used a copper wire to fix the broken connection.,
witting,/ˈwɪt.ɪŋ/,Adjective,biết rõ,He was a witting participant in the scheme.,
wreckage,/ˈrekɪdʒ/,Noun,dư tàn,Rescuers searched through the wreckage for any signs of survivors.,
Indolent ,/ˈɪndələnt/,Adjective,lười biếng,An indolent student will never get good grades.,
Utterance,/ˈʌtərəns/,Noun,"lời nói, phát ngôn",He understood every utterance she made.,
inspection,/ɪnˈspekʃn/,Noun,"thanh tra, kiểm tra",The government ordered a thorough inspection of the building.,
affluent,/ˈæfluənt/,Adjective,"giàu có, thịnh vượng, trù phú","The affluent neighborhood was filled with large, beautiful mansions.",
Prospering,/ˈprɒspərɪŋ/,Adjective,"thịnh vượng, phát đạt",The country is enjoying a prospering economy.,
incompatible,/ˌɪnkəmˈpætəbl/,Adjective,không tương thích,The two software programs are incompatible with each other.,
impose,/ɪmˈpəʊz/,Verb,"áp đặt, đánh thuế",The government decided to impose a new tax on luxury goods.,
astounded,/əˈstaʊndɪd/[source: 2],Adjective,kinh ngạc,She was astounded by the good news.,
adroit,/əˈdrɔɪt/,Adjective,Thông minh,She is adroit at handling difficult situations.,
Gleaming,/ˈɡliːmɪŋ/,Adjective,"Sáng bóng, lấp lánh","The kitchen was spotless, with gleaming countertops and a clean floor.",
reproach,/rɪˈprəʊtʃ/,Verb,"chỉ trích, khiển trách",His mother reproached him for not clearing up his room.,
tentative,/ˈtentətɪv/,Adjective,"trạng thái dè dặt, ngập ngừng, tạm thời, dự kiến",We have made a tentative arrangement to meet on Friday.,
predate,/ˌpriːˈdeɪt/,,,The kingdom's oldest ruins predate the arrival of the current settlers by centuries.,
 deficiency ,/dɪˈfɪʃnski/,,,The accident was caused by deficiencies in the engine.,
Formidable,/ˈfɔːmɪdəbl/,,,The team faces a formidable challenge in the upcoming championship.,
attenuate,/əˈten.ju.eɪt/,Verb,làm suy yếu,Radiation from the sun is attenuated by the earth's atmosphere.,